[{"model": "admin.logentry", "pk": 1, "fields": {"action_time": "2021-12-27T19:27:00.189Z", "user": 1, "content_type": 11, "object_id": "2", "object_repr": "maryamparnoon", "action_flag": 1, "change_message": "[{\"added\": {}}]"}}, {"model": "admin.logentry", "pk": 2, "fields": {"action_time": "2021-12-27T19:28:06.580Z", "user": 1, "content_type": 12, "object_id": "3", "object_repr": "mahiparnoon", "action_flag": 1, "change_message": "[{\"added\": {}}]"}}, {"model": "admin.logentry", "pk": 3, "fields": {"action_time": "2021-12-27T19:32:17.070Z", "user": 1, "content_type": 22, "object_id": "1", "object_repr": "Tehran_22markazi", "action_flag": 1, "change_message": "[{\"added\": {}}]"}}, {"model": "admin.logentry", "pk": 4, "fields": {"action_time": "2021-12-27T19:32:45.573Z", "user": 1, "content_type": 20, "object_id": "1", "object_repr": "Shandiz", "action_flag": 1, "change_message": "[{\"added\": {}}]"}}, {"model": "admin.logentry", "pk": 5, "fields": {"action_time": "2021-12-27T19:34:31.312Z", "user": 1, "content_type": 14, "object_id": "1", "object_repr": "persian", "action_flag": 1, "change_message": "[{\"added\": {}}]"}}, {"model": "admin.logentry", "pk": 6, "fields": {"action_time": "2021-12-27T19:34:39.371Z", "user": 1, "content_type": 14, "object_id": "2", "object_repr": "italy", "action_flag": 1, "change_message": "[{\"added\": {}}]"}}, {"model": "admin.logentry", "pk": 7, "fields": {"action_time": "2021-12-27T19:35:56.350Z", "user": 1, "content_type": 13, "object_id": "1", "object_repr": "shobe1", "action_flag": 1, "change_message": "[{\"added\": {}}]"}}, {"model": "admin.logentry", "pk": 8, "fields": {"action_time": "2021-12-27T19:36:23.617Z", "user": 1, "content_type": 16, "object_id": "1", "object_repr": "breakfast", "action_flag": 1, "change_message": "[{\"added\": {}}]"}}, {"model": "admin.logentry", "pk": 9, "fields": {"action_time": "2021-12-27T19:36:34.120Z", "user": 1, "content_type": 16, "object_id": "2", "object_repr": "lunch", "action_flag": 1, "change_message": "[{\"added\": {}}]"}}, {"model": "admin.logentry", "pk": 10, "fields": {"action_time": "2021-12-27T19:36:42.189Z", "user": 1, "content_type": 16, "object_id": "3", "object_repr": "dinner", "action_flag": 1, "change_message": "[{\"added\": {}}]"}}, {"model": "admin.logentry", "pk": 11, "fields": {"action_time": "2021-12-27T19:39:27.093Z", "user": 1, "content_type": 15, "object_id": "1", "object_repr": "gheimeh", "action_flag": 1, "change_message": "[{\"added\": {}}]"}}, {"model": "admin.logentry", "pk": 12, "fields": {"action_time": "2021-12-27T19:46:09.388Z", "user": 1, "content_type": 17, "object_id": "2", "object_repr": "Menu object (2)", "action_flag": 1, "change_message": "[{\"added\": {}}]"}}, {"model": "admin.logentry", "pk": 13, "fields": {"action_time": "2021-12-27T19:48:58.268Z", "user": 1, "content_type": 19, "object_id": "1", "object_repr": "Ordered", "action_flag": 1, "change_message": "[{\"added\": {}}]"}}, {"model": "admin.logentry", "pk": 14, "fields": {"action_time": "2021-12-27T19:49:37.289Z", "user": 1, "content_type": 19, "object_id": "2", "object_repr": "Confirmed", "action_flag": 1, "change_message": "[{\"added\": {}}]"}}, {"model": "admin.logentry", "pk": 15, "fields": {"action_time": "2021-12-27T19:49:58.162Z", "user": 1, "content_type": 19, "object_id": "3", "object_repr": "IsSending", "action_flag": 1, "change_message": "[{\"added\": {}}]"}}, {"model": "admin.logentry", "pk": 16, "fields": {"action_time": "2021-12-27T19:50:08.125Z", "user": 1, "content_type": 19, "object_id": "4", "object_repr": "Delivered", "action_flag": 1, "change_message": "[{\"added\": {}}]"}}, {"model": "admin.logentry", "pk": 17, "fields": {"action_time": "2021-12-27T19:50:43.241Z", "user": 1, "content_type": 18, "object_id": "1", "object_repr": "Order object (1)", "action_flag": 1, "change_message": "[{\"added\": {}}]"}}, {"model": "admin.logentry", "pk": 18, "fields": {"action_time": "2021-12-27T19:51:04.345Z", "user": 1, "content_type": 21, "object_id": "1", "object_repr": "OrderItem object (1)", "action_flag": 1, "change_message": "[{\"added\": {}}]"}}, {"model": "auth.permission", "pk": 1, "fields": {"name": "Can add log entry", "content_type": 1, "codename": "add_logentry"}}, {"model": "auth.permission", "pk": 2, "fields": {"name": "Can change log entry", "content_type": 1, "codename": "change_logentry"}}, {"model": "auth.permission", "pk": 3, "fields": {"name": "Can delete log entry", "content_type": 1, "codename": "delete_logentry"}}, {"model": "auth.permission", "pk": 4, "fields": {"name": "Can view log entry", "content_type": 1, "codename": "view_logentry"}}, {"model": "auth.permission", "pk": 5, "fields": {"name": "Can add permission", "content_type": 2, "codename": "add_permission"}}, {"model": "auth.permission", "pk": 6, "fields": {"name": "Can change permission", "content_type": 2, "codename": "change_permission"}}, {"model": "auth.permission", "pk": 7, "fields": {"name": "Can delete permission", "content_type": 2, "codename": "delete_permission"}}, {"model": "auth.permission", "pk": 8, "fields": {"name": "Can view permission", "content_type": 2, "codename": "view_permission"}}, {"model": "auth.permission", "pk": 9, "fields": {"name": "Can add group", "content_type": 3, "codename": "add_group"}}, {"model": "auth.permission", "pk": 10, "fields": {"name": "Can change group", "content_type": 3, "codename": "change_group"}}, {"model": "auth.permission", "pk": 11, "fields": {"name": "Can delete group", "content_type": 3, "codename": "delete_group"}}, {"model": "auth.permission", "pk": 12, "fields": {"name": "Can view group", "content_type": 3, "codename": "view_group"}}, {"model": "auth.permission", "pk": 13, "fields": {"name": "Can add content type", "content_type": 4, "codename": "add_contenttype"}}, {"model": "auth.permission", "pk": 14, "fields": {"name": "Can change content type", "content_type": 4, "codename": "change_contenttype"}}, {"model": "auth.permission", "pk": 15, "fields": {"name": "Can delete content type", "content_type": 4, "codename": "delete_contenttype"}}, {"model": "auth.permission", "pk": 16, "fields": {"name": "Can view content type", "content_type": 4, "codename": "view_contenttype"}}, {"model": "auth.permission", "pk": 17, "fields": {"name": "Can add session", "content_type": 5, "codename": "add_session"}}, {"model": "auth.permission", "pk": 18, "fields": {"name": "Can change session", "content_type": 5, "codename": "change_session"}}, {"model": "auth.permission", "pk": 19, "fields": {"name": "Can delete session", "content_type": 5, "codename": "delete_session"}}, {"model": "auth.permission", "pk": 20, "fields": {"name": "Can view session", "content_type": 5, "codename": "view_session"}}, {"model": "auth.permission", "pk": 21, "fields": {"name": "Can add site", "content_type": 6, "codename": "add_site"}}, {"model": "auth.permission", "pk": 22, "fields": {"name": "Can change site", "content_type": 6, "codename": "change_site"}}, {"model": "auth.permission", "pk": 23, "fields": {"name": "Can delete site", "content_type": 6, "codename": "delete_site"}}, {"model": "auth.permission", "pk": 24, "fields": {"name": "Can view site", "content_type": 6, "codename": "view_site"}}, {"model": "auth.permission", "pk": 25, "fields": {"name": "Can add email address", "content_type": 7, "codename": "add_emailaddress"}}, {"model": "auth.permission", "pk": 26, "fields": {"name": "Can change email address", "content_type": 7, "codename": "change_emailaddress"}}, {"model": "auth.permission", "pk": 27, "fields": {"name": "Can delete email address", "content_type": 7, "codename": "delete_emailaddress"}}, {"model": "auth.permission", "pk": 28, "fields": {"name": "Can view email address", "content_type": 7, "codename": "view_emailaddress"}}, {"model": "auth.permission", "pk": 29, "fields": {"name": "Can add email confirmation", "content_type": 8, "codename": "add_emailconfirmation"}}, {"model": "auth.permission", "pk": 30, "fields": {"name": "Can change email confirmation", "content_type": 8, "codename": "change_emailconfirmation"}}, {"model": "auth.permission", "pk": 31, "fields": {"name": "Can delete email confirmation", "content_type": 8, "codename": "delete_emailconfirmation"}}, {"model": "auth.permission", "pk": 32, "fields": {"name": "Can view email confirmation", "content_type": 8, "codename": "view_emailconfirmation"}}, {"model": "auth.permission", "pk": 33, "fields": {"name": "Can add user", "content_type": 9, "codename": "add_customuser"}}, {"model": "auth.permission", "pk": 34, "fields": {"name": "Can change user", "content_type": 9, "codename": "change_customuser"}}, {"model": "auth.permission", "pk": 35, "fields": {"name": "Can delete user", "content_type": 9, "codename": "delete_customuser"}}, {"model": "auth.permission", "pk": 36, "fields": {"name": "Can view user", "content_type": 9, "codename": "view_customuser"}}, {"model": "auth.permission", "pk": 37, "fields": {"name": "Can add admin", "content_type": 10, "codename": "add_admin"}}, {"model": "auth.permission", "pk": 38, "fields": {"name": "Can change admin", "content_type": 10, "codename": "change_admin"}}, {"model": "auth.permission", "pk": 39, "fields": {"name": "Can delete admin", "content_type": 10, "codename": "delete_admin"}}, {"model": "auth.permission", "pk": 40, "fields": {"name": "Can view admin", "content_type": 10, "codename": "view_admin"}}, {"model": "auth.permission", "pk": 41, "fields": {"name": "Can add customer", "content_type": 11, "codename": "add_customer"}}, {"model": "auth.permission", "pk": 42, "fields": {"name": "Can change customer", "content_type": 11, "codename": "change_customer"}}, {"model": "auth.permission", "pk": 43, "fields": {"name": "Can delete customer", "content_type": 11, "codename": "delete_customer"}}, {"model": "auth.permission", "pk": 44, "fields": {"name": "Can view customer", "content_type": 11, "codename": "view_customer"}}, {"model": "auth.permission", "pk": 45, "fields": {"name": "Can add restaurant manager", "content_type": 12, "codename": "add_restaurantmanager"}}, {"model": "auth.permission", "pk": 46, "fields": {"name": "Can change restaurant manager", "content_type": 12, "codename": "change_restaurantmanager"}}, {"model": "auth.permission", "pk": 47, "fields": {"name": "Can delete restaurant manager", "content_type": 12, "codename": "delete_restaurantmanager"}}, {"model": "auth.permission", "pk": 48, "fields": {"name": "Can view restaurant manager", "content_type": 12, "codename": "view_restaurantmanager"}}, {"model": "auth.permission", "pk": 49, "fields": {"name": "Can add branch", "content_type": 13, "codename": "add_branch"}}, {"model": "auth.permission", "pk": 50, "fields": {"name": "Can change branch", "content_type": 13, "codename": "change_branch"}}, {"model": "auth.permission", "pk": 51, "fields": {"name": "Can delete branch", "content_type": 13, "codename": "delete_branch"}}, {"model": "auth.permission", "pk": 52, "fields": {"name": "Can view branch", "content_type": 13, "codename": "view_branch"}}, {"model": "auth.permission", "pk": 53, "fields": {"name": "Can add category", "content_type": 14, "codename": "add_category"}}, {"model": "auth.permission", "pk": 54, "fields": {"name": "Can change category", "content_type": 14, "codename": "change_category"}}, {"model": "auth.permission", "pk": 55, "fields": {"name": "Can delete category", "content_type": 14, "codename": "delete_category"}}, {"model": "auth.permission", "pk": 56, "fields": {"name": "Can view category", "content_type": 14, "codename": "view_category"}}, {"model": "auth.permission", "pk": 57, "fields": {"name": "Can add food", "content_type": 15, "codename": "add_food"}}, {"model": "auth.permission", "pk": 58, "fields": {"name": "Can change food", "content_type": 15, "codename": "change_food"}}, {"model": "auth.permission", "pk": 59, "fields": {"name": "Can delete food", "content_type": 15, "codename": "delete_food"}}, {"model": "auth.permission", "pk": 60, "fields": {"name": "Can view food", "content_type": 15, "codename": "view_food"}}, {"model": "auth.permission", "pk": 61, "fields": {"name": "Can add meal", "content_type": 16, "codename": "add_meal"}}, {"model": "auth.permission", "pk": 62, "fields": {"name": "Can change meal", "content_type": 16, "codename": "change_meal"}}, {"model": "auth.permission", "pk": 63, "fields": {"name": "Can delete meal", "content_type": 16, "codename": "delete_meal"}}, {"model": "auth.permission", "pk": 64, "fields": {"name": "Can view meal", "content_type": 16, "codename": "view_meal"}}, {"model": "auth.permission", "pk": 65, "fields": {"name": "Can add menu", "content_type": 17, "codename": "add_menu"}}, {"model": "auth.permission", "pk": 66, "fields": {"name": "Can change menu", "content_type": 17, "codename": "change_menu"}}, {"model": "auth.permission", "pk": 67, "fields": {"name": "Can delete menu", "content_type": 17, "codename": "delete_menu"}}, {"model": "auth.permission", "pk": 68, "fields": {"name": "Can view menu", "content_type": 17, "codename": "view_menu"}}, {"model": "auth.permission", "pk": 69, "fields": {"name": "Can add order", "content_type": 18, "codename": "add_order"}}, {"model": "auth.permission", "pk": 70, "fields": {"name": "Can change order", "content_type": 18, "codename": "change_order"}}, {"model": "auth.permission", "pk": 71, "fields": {"name": "Can delete order", "content_type": 18, "codename": "delete_order"}}, {"model": "auth.permission", "pk": 72, "fields": {"name": "Can view order", "content_type": 18, "codename": "view_order"}}, {"model": "auth.permission", "pk": 73, "fields": {"name": "Can add order status", "content_type": 19, "codename": "add_orderstatus"}}, {"model": "auth.permission", "pk": 74, "fields": {"name": "Can change order status", "content_type": 19, "codename": "change_orderstatus"}}, {"model": "auth.permission", "pk": 75, "fields": {"name": "Can delete order status", "content_type": 19, "codename": "delete_orderstatus"}}, {"model": "auth.permission", "pk": 76, "fields": {"name": "Can view order status", "content_type": 19, "codename": "view_orderstatus"}}, {"model": "auth.permission", "pk": 77, "fields": {"name": "Can add restaurnt", "content_type": 20, "codename": "add_restaurnt"}}, {"model": "auth.permission", "pk": 78, "fields": {"name": "Can change restaurnt", "content_type": 20, "codename": "change_restaurnt"}}, {"model": "auth.permission", "pk": 79, "fields": {"name": "Can delete restaurnt", "content_type": 20, "codename": "delete_restaurnt"}}, {"model": "auth.permission", "pk": 80, "fields": {"name": "Can view restaurnt", "content_type": 20, "codename": "view_restaurnt"}}, {"model": "auth.permission", "pk": 81, "fields": {"name": "Can add order item", "content_type": 21, "codename": "add_orderitem"}}, {"model": "auth.permission", "pk": 82, "fields": {"name": "Can change order item", "content_type": 21, "codename": "change_orderitem"}}, {"model": "auth.permission", "pk": 83, "fields": {"name": "Can delete order item", "content_type": 21, "codename": "delete_orderitem"}}, {"model": "auth.permission", "pk": 84, "fields": {"name": "Can view order item", "content_type": 21, "codename": "view_orderitem"}}, {"model": "auth.permission", "pk": 85, "fields": {"name": "Can add address", "content_type": 22, "codename": "add_address"}}, {"model": "auth.permission", "pk": 86, "fields": {"name": "Can change address", "content_type": 22, "codename": "change_address"}}, {"model": "auth.permission", "pk": 87, "fields": {"name": "Can delete address", "content_type": 22, "codename": "delete_address"}}, {"model": "auth.permission", "pk": 88, "fields": {"name": "Can view address", "content_type": 22, "codename": "view_address"}}, {"model": "contenttypes.contenttype", "pk": 1, "fields": {"app_label": "admin", "model": "logentry"}}, {"model": "contenttypes.contenttype", "pk": 2, "fields": {"app_label": "auth", "model": "permission"}}, {"model": "contenttypes.contenttype", "pk": 3, "fields": {"app_label": "auth", "model": "group"}}, {"model": "contenttypes.contenttype", "pk": 4, "fields": {"app_label": "contenttypes", "model": "contenttype"}}, {"model": "contenttypes.contenttype", "pk": 5, "fields": {"app_label": "sessions", "model": "session"}}, {"model": "contenttypes.contenttype", "pk": 6, "fields": {"app_label": "sites", "model": "site"}}, {"model": "contenttypes.contenttype", "pk": 7, "fields": {"app_label": "account", "model": "emailaddress"}}, {"model": "contenttypes.contenttype", "pk": 8, "fields": {"app_label": "account", "model": "emailconfirmation"}}, {"model": "contenttypes.contenttype", "pk": 9, "fields": {"app_label": "accounts", "model": "customuser"}}, {"model": "contenttypes.contenttype", "pk": 10, "fields": {"app_label": "accounts", "model": "admin"}}, {"model": "contenttypes.contenttype", "pk": 11, "fields": {"app_label": "accounts", "model": "customer"}}, {"model": "contenttypes.contenttype", "pk": 12, "fields": {"app_label": "accounts", "model": "restaurantmanager"}}, {"model": "contenttypes.contenttype", "pk": 13, "fields": {"app_label": "restaurant", "model": "branch"}}, {"model": "contenttypes.contenttype", "pk": 14, "fields": {"app_label": "restaurant", "model": "category"}}, {"model": "contenttypes.contenttype", "pk": 15, "fields": {"app_label": "restaurant", "model": "food"}}, {"model": "contenttypes.contenttype", "pk": 16, "fields": {"app_label": "restaurant", "model": "meal"}}, {"model": "contenttypes.contenttype", "pk": 17, "fields": {"app_label": "restaurant", "model": "menu"}}, {"model": "contenttypes.contenttype", "pk": 18, "fields": {"app_label": "restaurant", "model": "order"}}, {"model": "contenttypes.contenttype", "pk": 19, "fields": {"app_label": "restaurant", "model": "orderstatus"}}, {"model": "contenttypes.contenttype", "pk": 20, "fields": {"app_label": "restaurant", "model": "restaurnt"}}, {"model": "contenttypes.contenttype", "pk": 21, "fields": {"app_label": "restaurant", "model": "orderitem"}}, {"model": "contenttypes.contenttype", "pk": 22, "fields": {"app_label": "restaurant", "model": "address"}}, {"model": "sessions.session", "pk": "q0hufk2w8mbay33ntc61b1ucxca77y7n", "fields": {"session_data": ".eJxVjDsOwjAQBe_iGlmb-E9Jzxkse3eNA8iR4qRC3B0ipYD2zcx7iZi2tcat8xInEmcxiNPvlhM-uO2A7qndZolzW5cpy12RB-3yOhM_L4f7d1BTr9_aFgpGB_BcVAIkZwKzGUGBHvVggXP2SIoBnfYqZ-vYWEJ0jMWDI_H-AOGEODw:1n1vd0:c1rkAGOqVIQ9PHlowowHBi2vr0wFAXySa2KruUzneOs", "expire_date": "2022-01-10T19:25:50.071Z"}}, {"model": "sites.site", "pk": 1, "fields": {"domain": "example.com", "name": "example.com"}}, {"model": "accounts.customuser", "pk": 1, "fields": {"password": "pbkdf2_sha256$260000$3jcFTHwxG8htrxO7jZlXTK$N46Tegb6peS+SUpMK5YWnqjtAleIqwNPVJ+BsTXfYIA=", "last_login": "2021-12-27T19:25:50.068Z", "is_superuser": true, "username": "hanieh", "first_name": "", "last_name": "", "is_staff": true, "is_active": true, "date_joined": "2021-12-27T19:25:00.145Z", "email": "hanieh.satir@gmail.com", "device": null, "groups": [], "user_permissions": []}}, {"model": "accounts.customuser", "pk": 2, "fields": {"password": "123456", "last_login": "2021-12-27T19:26:12Z", "is_superuser": false, "username": "maryamparnoon", "first_name": "maryam", "last_name": "parnoon", "is_staff": false, "is_active": true, "date_joined": "2021-12-27T19:26:01Z", "email": "maryam@gmail.com", "device": null, "groups": [], "user_permissions": []}}, {"model": "accounts.customuser", "pk": 3, "fields": {"password": "123456", "last_login": "2021-12-27T19:27:15Z", "is_superuser": false, "username": "mahiparnoon", "first_name": "mahi", "last_name": "parnoon", "is_staff": true, "is_active": true, "date_joined": "2021-12-27T19:27:06Z", "email": "mahi@gmail.com", "device": null, "groups": [], "user_permissions": []}}, {"model": "restaurant.address", "pk": 1, "fields": {"city": "Tehran", "street": "22markazi", "plaque": 4, "customer_id": [2]}}, {"model": "restaurant.restaurnt", "pk": 1, "fields": {"name": "Shandiz"}}, {"model": "restaurant.category", "pk": 1, "fields": {"name": "persian"}}, {"model": "restaurant.category", "pk": 2, "fields": {"name": "italy"}}, {"model": "restaurant.meal", "pk": 1, "fields": {"name": "breakfast"}}, {"model": "restaurant.meal", "pk": 2, "fields": {"name": "lunch"}}, {"model": "restaurant.meal", "pk": 3, "fields": {"name": "dinner"}}, {"model": "restaurant.branch", "pk": 1, "fields": {"name": "shobe1", "city": "Tehran", "address": "valiasr", "description": null, "created": "2021-12-27T19:35:56.348Z", "restaurant": 1, "manager_restaurant": 3, "branch_category": 1}}, {"model": "restaurant.food", "pk": 1, "fields": {"name": "gheimeh", "food_category": 1, "description": null, "created": "2021-12-27T19:39:27.063Z", "image": "media/khorsh-gheyme-morgh.jpg", "meal_category": [2]}}, {"model": "restaurant.menu", "pk": 2, "fields": {"branch": 1, "price": 50000, "quantity": 30, "food": 1}}, {"model": "restaurant.orderstatus", "pk": 1, "fields": {"status": "Ordered"}}, {"model": "restaurant.orderstatus", "pk": 2, "fields": {"status": "Confirmed"}}, {"model": "restaurant.orderstatus", "pk": 3, "fields": {"status": "IsSending"}}, {"model": "restaurant.orderstatus", "pk": 4, "fields": {"status": "Delivered"}}, {"model": "restaurant.order", "pk": 1, "fields": {"customer_id": 2, "created": "2021-12-27T19:50:43.238Z", "status_id": 1}}, {"model": "restaurant.orderitem", "pk": 1, "fields": {"quantity": 2, "menu_id": 2, "order_id": 1}}]